<?xml version="1.0" encoding="UTF-8"?>
<!DOCTYPE mapper PUBLIC "-//mybatis.org//DTD Mapper 3.0//EN"
        "http://mybatis.org/dtd/mybatis-3-mapper.dtd">
<mapper namespace="com.blockChain.dao.FileDAO">

    <resultMap id="userEntityMap" type="com.blockChain.entity.FileEntity">
        <id column="id" property="id"></id>
        <result column="filename" property="filename"></result>
        <result column="username" property="username"></result>
        <result column="filesize" property="filesize"></result>
        <result column="create_time" property="createTime"></result>
        <result column="modify_time" property="modifyTime"></result>
        <result column="share_state" property="shareState"></result>
    </resultMap>
    <delete id="deleteOneFile">
        delete from file_info
        where file_info.username=#{param1} and id=#{param2}
    </delete>

    <select id="selectByUsername" resultMap="userEntityMap">
        select * from file_info
        where file_info.username=#{username,jdbcType=VARCHAR}
    </select>
    <select id="selectFileByUserAndFilename" resultType="com.blockChain.entity.FileEntity">
        select * from file_info
        where file_info.username=#{param1,jdbcType=VARCHAR}
        and file_info.filename=#{param2,jdbcType=VARCHAR}
    </select>

    <select id="selectAllFile" resultType="com.blockChain.entity.FileEntity">
        select * from file_info;
    </select>
    <select id="getFileById" resultType="com.blockChain.entity.FileEntity">
        select * from  file_info where id=#{fileId}
    </select>

    <select id="queryFileByName" resultType="com.blockChain.entity.FileEntity">
        select * from file_info where filename=#{filename};
    </select>

    <insert id="insertFile">
        insert into file_info(filename,username,filesize,create_time,modify_time) values (#{filename,jdbcType=VARCHAR}
        ,#{username,jdbcType=VARCHAR},#{filesize,jdbcType=VARCHAR} ,
        #{createTime,jdbcType=VARCHAR},#{modifyTime,jdbcType=VARCHAR})
    </insert>


</mapper>