<?xml version="1.0" encoding="UTF-8"?>
<!DOCTYPE mapper PUBLIC "-//mybatis.org//DTD Mapper 3.0//EN"
        "http://mybatis.org/dtd/mybatis-3-mapper.dtd">
<mapper namespace="com.blockChain.dao.UserDAO">
    
    <resultMap id="userEntityMap" type="com.blockChain.entity.UserEntity">
        <id column="id" property="id"></id>
        <result column="username" property="username"></result>
        <result column="password" property="password"></result>
        <result column="email" property="email"></result>
    </resultMap>
    
    <insert id="insertUser">
        insert into user_info(username, password, email, sex, grade)
        values (#{param1,jdbcType=VARCHAR}  ,#{param2,jdbcType=VARCHAR}  ,#{param3,jdbcType=VARCHAR} ,
                #{param4,jdbcType=VARCHAR}  ,#{param5,jdbcType=VARCHAR});
    </insert>
    <update id="updateUserPassword">
        update user_info set password = #{password}
        <where>
            username = #{username}
        </where>
    </update>
    <delete id="deleteUserByUserName">
        delete from user_info where username = #{username};
    </delete>
    <select id="selectUserByUsername" resultMap="userEntityMap">
        select * from user_info where username = #{username};
    </select>
    <select id="selectUserByEmail" resultMap="userEntityMap">
        select * from user_info where email = #{email};
    </select>
    <select id="selectUserCountByUsername" resultType="java.lang.Integer">
        select count(*) from user_info where username = #{username};
    </select>
    <select id="selectUserListByUsername" resultMap="userEntityMap">
        select * from user_info
        <where>
            <if test="only =='true'.toString()">
                username = #{username}
            </if>
            <if test="only == 'false'.toString()">
                username like '%${username}%'
            </if>
        </where>
    </select>
</mapper>